{
  "alpha": 8.345465763739524,
  "r2": 0.9456608640032241,
  "results": {
    "0.0": {
      "fitness": 0.8232502449927829,
      "ratio": 1.0,
      "n_free": 468
    },
    "0.1": {
      "fitness": 0.8457695265334149,
      "ratio": 1.1393405820610008,
      "n_free": 422
    },
    "0.2": {
      "fitness": 0.8494179606194217,
      "ratio": 1.2876687511490887,
      "n_free": 375
    },
    "0.3": {
      "fitness": 0.8515701277175083,
      "ratio": 1.475912323890934,
      "n_free": 328
    },
    "0.4": {
      "fitness": 0.889287598798651,
      "ratio": 1.7990776180420178,
      "n_free": 281
    },
    "0.5": {
      "fitness": 0.8946225454553849,
      "ratio": 2.173391507373867,
      "n_free": 234
    },
    "0.6": {
      "fitness": 0.9172149063711839,
      "ratio": 2.7734940553355663,
      "n_free": 188
    },
    "0.7": {
      "fitness": 0.9205392040686469,
      "ratio": 3.7113948504372556,
      "n_free": 141
    },
    "0.8": {
      "fitness": 0.9375280054770536,
      "ratio": 5.669834477916658,
      "n_free": 94
    },
    "0.9": {
      "fitness": 0.9416165475521863,
      "ratio": 11.389121039795768,
      "n_free": 47
    },
    "0.95": {
      "fitness": 0.9519767024799588,
      "ratio": 22.549092224712226,
      "n_free": 24
    },
    "0.99": {
      "fitness": 0.9697066402048502,
      "ratio": 110.25146008182442,
      "n_free": 5
    }
  },
  "job": "d7te4jaudops7397simg",
  "elapsed": 24.197879791259766
}