{
  "experiment": "GPU Quantum SGM",
  "n_qubits": 24,
  "hilbert_dim": 16777216,
  "gpu": "device_0",
  "results": {
    "2": {
      "depth": 2,
      "n_params": 72,
      "noise_level": 0.01,
      "classical_alpha": 10.643562888469194,
      "classical_r2": 0.9792914809212405,
      "quantum_evo_alpha": 8.588841288511974,
      "quantum_evo_r2": 0.9694772318202289,
      "quantum_forced_alpha": 8.544499217013788,
      "quantum_forced_r2": 0.9410607248015154,
      "ratio_evo": 0.8069517114252012,
      "ratio_forced": 0.8027856185517119,
      "final_lock_pct": 1.0,
      "clifford_ratio": 0.9731111773886857,
      "clifford_p_value": 0.7196325766780812,
      "clifford_clustering": false,
      "forced_lock_results": {
        "0.0": {
          "fitness": 0.665451014232241,
          "ratio": 1.0,
          "n_free": 72
        },
        "0.1": {
          "fitness": 0.8377438016962732,
          "ratio": 1.394486363547738,
          "n_free": 65
        },
        "0.2": {
          "fitness": 0.7975215735576257,
          "ratio": 1.4877530573911935,
          "n_free": 58
        },
        "0.3": {
          "fitness": 0.8074935439908419,
          "ratio": 1.7131101482344055,
          "n_free": 51
        },
        "0.4": {
          "fitness": 0.8676716548447363,
          "ratio": 2.133630145457815,
          "n_free": 44
        },
        "0.5": {
          "fitness": 0.9193917935200875,
          "ratio": 2.7632140423764437,
          "n_free": 36
        },
        "0.6": {
          "fitness": 0.8506771132037181,
          "ratio": 3.173826308863102,
          "n_free": 29
        },
        "0.7": {
          "fitness": 0.9155845115501127,
          "ratio": 4.502898541516047,
          "n_free": 22
        },
        "0.8": {
          "fitness": 0.9264969380237937,
          "ratio": 6.682964196312957,
          "n_free": 15
        },
        "0.9": {
          "fitness": 0.9793670790897513,
          "ratio": 13.245608652317102,
          "n_free": 8
        },
        "0.95": {
          "fitness": 0.9975541962675778,
          "ratio": 26.983166527340813,
          "n_free": 4
        },
        "0.99": {
          "fitness": 0.9918143013373313,
          "ratio": 107.31162500169502,
          "n_free": 1
        }
      }
    },
    "5": {
      "depth": 5,
      "n_params": 144,
      "noise_level": 0.025,
      "classical_alpha": 9.625440185083322,
      "classical_r2": 0.9839177466101524,
      "quantum_evo_alpha": 18.56419187638149,
      "quantum_evo_r2": 0.9846963869954156,
      "quantum_forced_alpha": 7.767976028836917,
      "quantum_forced_r2": 0.9481524810417912,
      "ratio_evo": 1.928659003579979,
      "ratio_forced": 0.8070255364398874,
      "final_lock_pct": 1.0,
      "clifford_ratio": 0.9613313628504084,
      "clifford_p_value": 0.43977649800256846,
      "clifford_clustering": false,
      "forced_lock_results": {
        "0.0": {
          "fitness": 0.88951895868552,
          "ratio": 0.9999999999999999,
          "n_free": 144
        },
        "0.1": {
          "fitness": 0.847811084458727,
          "ratio": 1.0557546946711218,
          "n_free": 130
        },
        "0.2": {
          "fitness": 0.9006248223459246,
          "ratio": 1.2568782373063279,
          "n_free": 116
        },
        "0.3": {
          "fitness": 0.8732026356492,
          "ratio": 1.3995903757223938,
          "n_free": 101
        },
        "0.4": {
          "fitness": 0.8589976119294207,
          "ratio": 1.59837981742488,
          "n_free": 87
        },
        "0.5": {
          "fitness": 0.9302492349765429,
          "ratio": 2.09157820840876,
          "n_free": 72
        },
        "0.6": {
          "fitness": 0.9083526667345488,
          "ratio": 2.535325854430662,
          "n_free": 58
        },
        "0.7": {
          "fitness": 0.9198253826295764,
          "ratio": 3.3842309784235707,
          "n_free": 44
        },
        "0.8": {
          "fitness": 0.9656243148814849,
          "ratio": 5.390356368935197,
          "n_free": 29
        },
        "0.9": {
          "fitness": 0.9781765885939097,
          "ratio": 10.55682417874293,
          "n_free": 15
        },
        "0.95": {
          "fitness": 0.9939405132244231,
          "ratio": 20.11303869731771,
          "n_free": 8
        },
        "0.99": {
          "fitness": 0.9987393950688818,
          "ratio": 80.84058888550597,
          "n_free": 2
        }
      }
    },
    "10": {
      "depth": 10,
      "n_params": 264,
      "noise_level": 0.05,
      "classical_alpha": 10.318268749059339,
      "classical_r2": 0.9765540312666795,
      "quantum_evo_alpha": 37.36221164452026,
      "quantum_evo_r2": 0.9528001355372802,
      "quantum_forced_alpha": 8.015773372532356,
      "quantum_forced_r2": 0.9418906323264961,
      "ratio_evo": 3.620976789146568,
      "ratio_forced": 0.7768525483757255,
      "final_lock_pct": 1.0,
      "clifford_ratio": 1.0173398532407145,
      "clifford_p_value": 0.6279722056572402,
      "clifford_clustering": false,
      "forced_lock_results": {
        "0.0": {
          "fitness": 0.9237722020158221,
          "ratio": 1.0,
          "n_free": 264
        },
        "0.1": {
          "fitness": 0.9613651596237998,
          "ratio": 1.1543844272013717,
          "n_free": 238
        },
        "0.2": {
          "fitness": 0.9176962537048026,
          "ratio": 1.2370923900108093,
          "n_free": 212
        },
        "0.3": {
          "fitness": 0.9349924692516365,
          "ratio": 1.4443598982273436,
          "n_free": 185
        },
        "0.4": {
          "fitness": 0.9538546351953524,
          "ratio": 1.714447172272148,
          "n_free": 159
        },
        "0.5": {
          "fitness": 0.9645563181964396,
          "ratio": 2.0882990765290836,
          "n_free": 132
        },
        "0.6": {
          "fitness": 0.9580169931794851,
          "ratio": 2.5828928187923275,
          "n_free": 106
        },
        "0.7": {
          "fitness": 0.9535728634846738,
          "ratio": 3.4064571791970053,
          "n_free": 80
        },
        "0.8": {
          "fitness": 0.9641383301294995,
          "ratio": 5.198792896040744,
          "n_free": 53
        },
        "0.9": {
          "fitness": 0.9810570974690083,
          "ratio": 10.38411663116849,
          "n_free": 27
        },
        "0.95": {
          "fitness": 0.9918718606403882,
          "ratio": 20.247274524239838,
          "n_free": 14
        },
        "0.99": {
          "fitness": 0.9985836360569127,
          "ratio": 95.12665544736018,
          "n_free": 3
        }
      }
    },
    "20": {
      "depth": 20,
      "n_params": 504,
      "noise_level": 0.1,
      "classical_alpha": 11.298064081150683,
      "classical_r2": 0.9785308676995808,
      "quantum_evo_alpha": 32.92187040736121,
      "quantum_evo_r2": 0.979136411060079,
      "quantum_forced_alpha": 8.158695829064026,
      "quantum_forced_r2": 0.9367976003079475,
      "ratio_evo": 2.9139390758357417,
      "ratio_forced": 0.7221321963181042,
      "final_lock_pct": 1.0,
      "clifford_ratio": 0.9671862085079961,
      "clifford_p_value": 0.18579301026870418,
      "clifford_clustering": false,
      "forced_lock_results": {
        "0.0": {
          "fitness": 0.9812191089547249,
          "ratio": 1.0,
          "n_free": 504
        },
        "0.1": {
          "fitness": 0.9884705361033546,
          "ratio": 1.1183362818079494,
          "n_free": 454
        },
        "0.2": {
          "fitness": 0.9792558535014986,
          "ratio": 1.245028663935002,
          "n_free": 404
        },
        "0.3": {
          "fitness": 0.9831253440096368,
          "ratio": 1.4305357830831458,
          "n_free": 353
        },
        "0.4": {
          "fitness": 0.9769805081240113,
          "ratio": 1.6561810445089034,
          "n_free": 303
        },