{
  "experiment": "SGM Hardware Calibration",
  "timestamp": "20260506_053543",
  "backend": "ibm_fez",
  "results": {
    "q4": {
      "n_qubits": 4,
      "n_params": 16,
      "hilbert_dim": 16,
      "job_id": "d7td5viudops7397rh10",
      "hw_elapsed_s": 22.4254310131073,
      "aer_fidelities": {
        "0.0": 0.5091477657579991,
        "0.2": 0.6063346683622253,
        "0.4": 0.6063346683622253,
        "0.6": 0.8391716072465192,
        "0.8": 0.9123937550846194,
        "0.95": 0.9123937550846194,
        "1.0": 0.9123937550846194
      },
      "hw_fidelities": {
        "0.0": 0.5866816389878673,
        "0.2": 0.709221734106898,
        "0.4": 0.7071141069361082,
        "0.6": 0.8618946945049557,
        "0.8": 0.9377133945120291,
        "0.95": 0.9348569056284195,
        "1.0": 0.9270185922297729
      },
      "aer_ratios": {
        "0.0": 1.0,
        "0.2": 2.1171227132968866,
        "0.4": 2.1171227132968866,
        "0.6": 4.395169935246302,
        "0.8": 28.67203013180375,
        "0.95": 28.67203013180375,
        "1.0": 28.67203013180375
      },
      "hw_ratios": {
        "0.0": 1.0,
        "0.2": 2.1491019227863335,
        "0.4": 2.1427153367760146,
        "0.6": 3.9176031756820437,
        "0.8": 25.573349011017438,
        "0.95": 25.495446756880764,
        "1.0": 25.281680028822414
      },
      "aer_alpha": 3.395998646054139,
      "aer_r2": 0.8291281182439774,
      "hw_alpha": 3.351481805827215,
      "hw_r2": 0.8272072700095275,
      "fitness_curve": [
        0.5142152356281688,
        0.5142152356281688,
        0.5589385366974284,
        0.5589385366974284,
        0.6020418133142516,
        0.6020418133142516,
        0.6020418133142516,
        0.6020418133142516,
        0.6020418133142516,
        0.6020418133142516,
        0.6020418133142516,
        0.6020418133142516,
        0.6020418133142516,
        0.6020418133142516,
        0.6095519217302877,
        0.6136590704912048,
        0.6136590704912048,
        0.6570251785332379,
        0.6570251785332379,
        0.6570251785332379,
        0.6570251785332379,
        0.6570251785332379,
        0.6811488816413837,
        0.6811488816413837,
        0.7129590223131735,
        0.7156509328226892,
        0.7156509328226892,
        0.7293376940447059,
        0.7293376940447059,
        0.8204915752532791,
        0.8266815656648929,
        0.8266815656648929,
        0.8266815656648929,
        0.8266815656648929,
        0.8266815656648929,
        0.8266815656648929,
        0.8266815656648929,
        0.8266815656648929,
        0.8266815656648929,
        0.8266815656648929,
        0.8266815656648929,
        0.8431649526484047,
        0.8431649526484047,
        0.8431649526484047,
        0.8431649526484047,
        0.8431649526484047,
        0.8431649526484047,
        0.8431649526484047,
        0.8431649526484047,
        0.8431649526484047,
        0.8431649526484047,
        0.8431649526484047,
        0.8431649526484047,
        0.8465306295658072,
        0.8465306295658072,
        0.8465306295658072,
        0.8645650616840469,
        0.8645650616840469,
        0.9149507243476622,
        0.9149507243476622,
        0.9149507243476622,
        0.9149507243476622,
        0.9149507243476622,
        0.9149507243476622,
        0.9149507243476622,
        0.9149507243476622,
        0.9149507243476622,
        0.9149507243476622,
        0.9149507243476622,
        0.9149507243476622,
        0.9149507243476622,
        0.9149507243476622,
        0.9149507243476622,
        0.9149507243476622,
        0.9165153719558038,
        0.9165153719558038,
        0.9165153719558038,
        0.9165153719558038,
        0.9165153719558038,
        0.9165153719558038,
        0.9165153719558038,
        0.9165153719558038,
        0.9175940062522858,
        0.9181812297554899,
        0.9181812297554899,
        0.9181812297554899,
        0.9181812297554899,
        0.9181812297554899,
        0.9181812297554899,
        0.9181812297554899,
        0.9181812297554899,
        0.9181812297554899,
        0.9181812297554899,
        0.9181812297554899,
        0.9181812297554899,
        0.9181812297554899,
        0.9181812297554899,
        0.9181812297554899,
        0.9181812297554899,
        0.9181812297554899,
        0.9181812297554899,
        0.9181812297554899,
        0.9181812297554899,
        0.9181812297554899,
        0.9181812297554899,
        0.9181812297554899,
        0.9181812297554899,
        0.9181812297554899,
        0.9181812297554899,
        0.9181812297554899,
        0.9181812297554899,
        0.9181812297554899,
        0.9181812297554899,
        0.9181812297554899,
        0.9181812297554899,
        0.9181812297554899,
        0.9181812297554899,
        0.9181812297554899,
        0.9181812297554899,
        0.9181812297554899,
        0.9181812297554899,
        0.9181812297554899,
        0.9181812297554899,
        0.9181812297554899,
        0.9181812297554899,
        0.9181812297554899,
        0.9181812297554899,
        0.9181812297554899,
        0.9181812297554899,
        0.9181812297554899,
        0.9181812297554899,
        0.9181812297554899,
        0.9181812297554899,
        0.9181812297554899,
        0.9181812297554899,
        0.9181812297554899,
        0.9181812297554899,
        0.9181812297554899,
        0.9181812297554899,
        0.9181812297554899,
        0.9181812297554899,
        0.9181812297554899,
        0.9181812297554899,
        0.9181812297554899,
        0.9181812297554899,
        0.9181812297554899,
        0.9190461515457391,
        0.9190461515457391,
        0.9190461515457391,
        0.9190461515457391,
        0.9190461515457391
      ],
      "lock_checkpoints": {
        "0.0": {
          "n_free": 16,
          "aer_fitness": 0.5142152356281688
        },
        "0.2": {
          "n_free": 9,
          "aer_fitness": 0.6020418133142516
        },
        "0.4": {
          "n_free": 9,
          "aer_fitness": 0.6020418133142516
        },
        "0.6": {
          "n_free": 6,
          "aer_fitness": 0.8431649526484047
        },
        "0.8": {
          "n_free": 0,
          "aer_fitness": 0.9149507243476622
        },
        "0.95": {
          "n_free": 0,
          "aer_fitness": 0.9149507243476622
        },
        "1.0": {
          "n_free": 0,
          "aer_fitness": 0.9190461515457391
        }
      }
    },
    "q8": {
      "n_qubits": 8,
      "n_params": 32,
      "hilbert_dim": 256,
      "job_id": "d7td66kf3ras73b92i20",
      "hw_elapsed_s": 22.122559070587158,
      "aer_fidelities": {
        "0.0": 0.14892113782396482,
        "0.2": 0.23745932543898055,
        "0.4": 0.26402863740649596,
        "0.6": 0.289403851872463,
        "0.8": 0.4689006535646849,
        "0.95": 0.5597636563697791,
        "1.0": 0.5597636563697791
      },
      "hw_fidelities": {
        "0.0": 0.19843535307005927,
        "0.2": 0.2769945902418678,
        "0.4": 0.3114215744620528,
        "0.6": 0.3340895654777628,
        "0.8": 0.46994713164329643,
        "0.95": 0.5664626257946863,
        "1.0": 0.5667388093079747
      },
      "aer_ratios": {
        "0.0": 1.0,
        "0.2": 2.4297610595013523,
        "0.4": 3.337303820256977,
        "0.6": 5.182230113669219,
        "0.8": 16.792804045282303,
        "0.95": 120.28136009145109,
        "1.0": 120.28136009145109
      },
      "hw_ratios": {
        "0.0": 1.0,
        "0.2": 2.127075584688044,
        "0.4": 2.954137493975117,
        "0.6": 4.489651134020252,
        "0.8": 12.63073672770739,
        "0.95": 91.34866214605489,
        "1.0": 91.39319993777646
      },
      "aer_alpha": 12.825912361117577,
      "aer_r2": 0.9969656032560495,
      "hw_alpha": 12.832295363473923,
      "hw_r2": 0.9957604461407152,